,R_squared,mean_abs_error
0,0.87179557837776,6.645676372903961
